title,company,link
Python Full Stack Developer,REPAY,https://stackoverflow.com/jobs/386498/python-full-stack-developer-repay
Developpeur senior (H/F) Full-stack  Python /  Javascript,Labellevie by Deleev,https://stackoverflow.com/jobs/348361/developpeur-senior-h-f-full-stack-python-labellevie-by-deleev
Python Developer,YouGov,https://stackoverflow.com/jobs/330681/python-developer-yougov
Senior Python Back End Engineer,Loadsmart,https://stackoverflow.com/jobs/372573/senior-python-back-end-engineer-loadsmart
Senior Python Developer (Remote),X-Team,https://stackoverflow.com/jobs/203899/senior-python-developer-remote-x-team
"Python Developer (Onsite in Paris, or Remote in France, UK, Germany)",PeopleDoc,https://stackoverflow.com/jobs/374071/python-developer-onsite-in-paris-or-remote-in-peopledoc
"Craftsmanship Focused / Test Loving Full Stack Web Dev - Python, React, SQL",Level 12,https://stackoverflow.com/jobs/207146/craftsmanship-focused-test-loving-full-stack-level-12
Senior Full Stack Software Engineer (React Python Flask),FineTune Learning,https://stackoverflow.com/jobs/270372/senior-full-stack-software-engineer-react-python-finetune-learning
"Senior software engineer (python, typescript, reactjs, nextjs, kafka, docker)",EverQuote Inc.,https://stackoverflow.com/jobs/385234/senior-software-engineer-python-typescript-everquote-inc
Python Engineer,"TileDB, Inc.",https://stackoverflow.com/jobs/365175/python-engineer-tiledb-inc
Développeur Python C/C++ | Mission Remote (France),SkillValue,https://stackoverflow.com/jobs/377495/d%C3%A9veloppeur-python-c-c-plus-plus-mission-remote-france-skillvalue
Sr. ETL Database Engineer -  Python [100% REMOTE],Clevertech,https://stackoverflow.com/jobs/386125/sr-etl-database-engineer-python-100-remote-clevertech
Full Stack Web Developer,"Art & Logic, Inc.",https://stackoverflow.com/jobs/370918/full-stack-web-developer-art-logic-inc
Senior Backend Developer (Remote),Hypothesis.is,https://stackoverflow.com/jobs/375432/senior-backend-developer-remote-hypothesisis
Software Engineer - Research/Reverse Engineering (Must be remote in USA),"GrammaTech, Inc.",https://stackoverflow.com/jobs/383593/software-engineer-research-reverse-engineering-grammatech-inc
Sr Backend Engineer (Remote or NYC),Noom,https://stackoverflow.com/jobs/283527/sr-backend-engineer-remote-or-nyc-noom
Senior Software Engineer (Remote),Web Summit,https://stackoverflow.com/jobs/162807/senior-software-engineer-remote-web-summit
Sr. Software Engineer - Angular,DIGARC,https://stackoverflow.com/jobs/363678/sr-software-engineer-angular-digarc
Automation Solutions Engineer,Keelvar,https://stackoverflow.com/jobs/383810/automation-solutions-engineer-keelvar
Lead Software Engineer,Carbon Relay,https://stackoverflow.com/jobs/363670/lead-software-engineer-carbon-relay
"Engineer, Platform - MongoDB/RDS",Auth0,https://stackoverflow.com/jobs/368577/engineer-platform-mongodb-rds-auth0
Senior Product Engineer: Back end,x.ai,https://stackoverflow.com/jobs/316025/senior-product-engineer-back-end-xai
Software Development Engineer in Test,SDVI,https://stackoverflow.com/jobs/219487/software-development-engineer-in-test-sdvi
Senior Data Scientist / Backend Engineer,komoot,https://stackoverflow.com/jobs/371332/senior-data-scientist-backend-engineer-komoot
Sr Full Stack Engineer (Remote OR NYC),Noom,https://stackoverflow.com/jobs/283522/sr-full-stack-engineer-remote-or-nyc-noom
Senior Software Developer,Qualio,https://weworkremotely.com/remote-jobs/qualio-senior-software-developer
Senior Scala Engineer,Mokriya Inc,https://weworkremotely.com/remote-jobs/mokriya-inc-senior-scala-engineer-1
Senior Integrations Engineer,FYI,https://weworkremotely.com/remote-jobs/fyi-senior-integrations-engineer
Senior Fullstack Engineer (VueJS + Rails API / Postgres),ClickFlow,https://weworkremotely.com/remote-jobs/clickflow-senior-fullstack-engineer-vuejs-rails-api-postgres-1
Remote Statistical Disclosure Control Specialist/Privacy Expert (full-time or part-time),The Sensible Code Company,https://weworkremotely.com/remote-jobs/the-sensible-code-company-remote-statistical-disclosure-control-specialist-privacy-expert-full-time-or-part-time
Backend / API Engineer,Primer,https://weworkremotely.com/remote-jobs/primer-backend-api-engineer
"Open Source Developer & DevOps (Python, Django, AWS, OpenStack)",OpenCraft,https://weworkremotely.com/remote-jobs/opencraft-open-source-developer-devops-python-django-aws-openstack-6
Senior Software Engineer - Mobile,Good Eggs,https://weworkremotely.com/remote-jobs/good-eggs-senior-software-engineer-mobile
None,None,None
DevOps Python Django SaaS Developer,WP Media,https://weworkremotely.com/remote-jobs/wp-media-devops-python-django-saas-developer
"Full Stack Javascript Engineer (AWS, Serverless, OSS)",FunnelEnvy,https://weworkremotely.com/remote-jobs/funnelenvy-full-stack-javascript-engineer-aws-serverless-oss
"Software Engineer, Platform Services",ReCharge Payments,https://weworkremotely.com/remote-jobs/recharge-payments-software-engineer-platform-services
Front End Engineer,ReCharge Payments,https://weworkremotely.com/remote-jobs/recharge-payments-front-end-engineer-2
Operations Engineer Python,BMAT Music Innovators,https://weworkremotely.com/remote-jobs/bmat-music-innovators-operations-engineer-python
"Software Development Manager, Platform Services",ReCharge Payments,https://weworkremotely.com/remote-jobs/recharge-payments-software-development-manager-platform-services
None,None,https://weworkremotely.com/top-remote-companies
"Senior Ruby on Rails Engineer (Madrid, Barcelona & Full Remote)",Jobandtalent ,https://weworkremotely.com/remote-jobs/jobandtalent-senior-ruby-on-rails-engineer-madrid-barcelona-full-remote
Senior React Developer ,X-Team,https://weworkremotely.com/remote-jobs/x-team-senior-react-developer
Tech Lead,Clevertech,https://weworkremotely.com/remote-jobs/clevertech-tech-lead-5
Data Analytics Engineer,Reify Health,https://weworkremotely.com/remote-jobs/reify-health-data-analytics-engineer-1
Senior Product Engineer (Remote - Anywhere),Dataquest ,https://weworkremotely.com/remote-jobs/dataquest-senior-product-engineer-remote-anywhere
Senior Software Engineer,Muck Rack,https://weworkremotely.com/remote-jobs/muck-rack-senior-software-engineer-2
None,None,None
"Mobile Software Engineer, iOS (Swift)",Doximity,https://weworkremotely.com/remote-jobs/doximity-mobile-software-engineer-ios-swift
Solutions Engineer,ReCharge Payments,https://weworkremotely.com/remote-jobs/recharge-payments-solutions-engineer-1
None,None,None
"Software Engineer, Service Reliability",Doximity,https://weworkremotely.com/remote-jobs/doximity-software-engineer-service-reliability
Site Reliability Engineer,Stellar Development Foundation,https://weworkremotely.com/remote-jobs/stellar-development-foundation-site-reliability-engineer
None,None,None
IS Security Manager,Canonical,https://weworkremotely.com/remote-jobs/canonical-is-security-manager
None,None,None
None,None,None
Senior DevOps Engineer ,X-Team,https://weworkremotely.com/remote-jobs/x-team-senior-devops-engineer
Site Reliability Engineer (Remote - EST TZ),"Thought Industries, Inc.",https://weworkremotely.com/remote-jobs/thought-industries-inc-site-reliability-engineer-remote-est-tz
"Product Manager, Merchant & Shopper Experience",ReCharge Payments,https://weworkremotely.com/remote-jobs/recharge-payments-product-manager-merchant-shopper-experience
Manager of Data Analytics ,ReCharge Payments,https://weworkremotely.com/remote-jobs/recharge-payments-manager-of-data-analytics
Network Operations Engineer L3,Wiifnity,https://weworkremotely.com/remote-jobs/wiifnity-network-operations-engineer-l3
Data Analytics Mentor (Part-time/Flexible/Remote),Springboard,https://weworkremotely.com/remote-jobs/springboard-data-analytics-mentor-part-time-flexible-remote
Devops Python Django Saas Developer,WP Media,https://remoteok.io/remote-jobs/84795-remote-devops-python-django-saas-developer-wp-media
Senior Python Developer,Remotesome,https://remoteok.io/remote-jobs/84524-remote-senior-python-developer-remotesome
Lead Backend Developer,Kokoon Technology Ltd,https://remoteok.io/remote-jobs/84313-remote-lead-backend-developer-remote-kokoon-technology-ltd
Python Developer,PeopleDoc,https://remoteok.io/remote-jobs/84032-remote-python-developer-peopledoc
Senior Python Developer,ShipHero,https://remoteok.io/remote-jobs/83869-remote-senior-python-developer-shiphero
Python Backend Developer,Exputec,https://remoteok.io/remote-jobs/83854-remote-python-backend-developer-exputec
Backend Developer,Jetcake,https://remoteok.io/remote-jobs/83559-remote-backend-developer-jetcake
Python Backend Developer 100,Clevertech,https://remoteok.io/remote-jobs/83231-remote-python-backend-developer-100-clevertech
React Python Developer 100,Clevertech,https://remoteok.io/remote-jobs/83127-remote-react-python-developer-100-clevertech
Python Back End Developer,Soshace,https://remoteok.io/remote-jobs/83097-remote-python-back-end-developer-soshace
100% Python React Developer,Clevertech,https://remoteok.io/remote-jobs/82984-remote-100-python-react-developer-clevertech
Python Django Developer,Scanslated,https://remoteok.io/remote-jobs/77334-remote-python-django-developer-scanslated
API Software Engineer Python,ReCharge Payments,https://remoteok.io/remote-jobs/77226-remote-api-software-engineer-python-recharge-payments
ELK Stack Developer,Atlastix,https://remoteok.io/remote-jobs/77164-remote-elk-stack-developer-atlastix
Full Stack Django Developer,Wildfish,https://remoteok.io/remote-jobs/77074-remote-full-stack-django-developer-wildfish
Full Stack Developer (python),REPAY,https://remoteok.io/remote-jobs/77035-remote-full-stack-developer-python-repay
Full Stack React Django Developer,Soshace,https://remoteok.io/remote-jobs/76912-remote-full-stack-react-django-developer-soshace
"Software Engineer, Full Stack",Doximity,https://remoteok.io/remote-jobs/76493-remote-software-engineer-full-stack-doximity
Python Developer,YouGov,https://remoteok.io/remote-jobs/76481-remote-python-developer-yougov
Python Developer,Scrapinghub,https://remoteok.io/remote-jobs/76269-remote-python-developer-scrapinghub
Code Challenge Reviewer 100% £50 Per Hour Java Javascript PHP Python C# Ruby CSS HTML SQL Scala iOS Android,Geektastic,https://remoteok.io/remote-jobs/76263-remote-code-challenge-reviewer-100-50-per-hour-java-javascript-php-python-c-ruby-css-html-sql-scala-ios-android-geektastic
Back End Django Developer,Soshace,https://remoteok.io/remote-jobs/76164-remote-back-end-django-developer-soshace
Senior Software Engineer,Iterative,https://remoteok.io/remote-jobs/76126-remote-senior-software-engineer-iterative
Permanent Django Developer,Pivotal Energy Solutions,https://remoteok.io/remote-jobs/76108-remote-permanent-django-developer-pivotal-energy-solutions
Developer or Senior Developer,MVPF,https://remoteok.io/remote-jobs/75960-remote-developer-or-senior-developer-mvpf
Full Stack Web Developer,GooseChase,https://remoteok.io/remote-jobs/75932-remote-full-stack-web-developer-goosechase
Senior Full Stack Developer,Pupil Labs,https://remoteok.io/remote-jobs/75838-remote-senior-full-stack-developer-pupil-labs
Back End Python Developer,Pluralsight,https://remoteok.io/remote-jobs/75766-remote-back-end-python-developer-pluralsight
Senior Full-stack Developer,PolySwarm,https://remoteok.io/remote-jobs/75742-remote-senior-full-stack-developer-polyswarm
"Sr. Full-stack Developer (node, Vue, Typescript, Python, SQL, Elastic) - Fully Startup",Specula.io,https://remoteok.io/remote-jobs/75688-remote-sr-full-stack-developer-node-vue-typescript-python-sql-elastic-fully-remote-startup-specula-io
Senior Front-end Developer,PolySwarm,https://remoteok.io/remote-jobs/75673-remote-senior-front-end-developer-polyswarm
Senior Software Engineer,Snowdrop,https://remoteok.io/remote-jobs/75658-remote-senior-software-engineer-snowdrop
Python Back End Web Developer,Soshace,https://remoteok.io/remote-jobs/75581-remote-python-back-end-web-developer-soshace
Full Stack Developer With React Django,Soshace,https://remoteok.io/remote-jobs/75542-remote-full-stack-developer-with-react-django-soshace
Full Stack Developer,SilviaTerra,https://remoteok.io/remote-jobs/75473-remote-full-stack-developer-silviaterra
Senior Python Developer,CVEDIA,https://remoteok.io/remote-jobs/75073-remote-senior-python-developer-cvedia
Senior Devops Engineer,"ORCID, Inc.",https://remoteok.io/remote-jobs/75009-remote-senior-devops-engineer-orcid-inc-
Principle Python Software Engineer,Labster,https://remoteok.io/remote-jobs/74984-remote-principle-python-software-engineer-labster
Senior Python Developer,DomainTools,https://remoteok.io/remote-jobs/74941-remote-senior-python-developer-domaintools
"Software Engineer, Data (product Integration)",Doximity,https://remoteok.io/remote-jobs/74936-remote-software-engineer-data-product-integration-doximity
Senior Python Developer Django Flask,Clevertech,https://remoteok.io/remote-jobs/74857-remote-senior-python-developer-django-flask-clevertech
Senior Python Developer,Flashpoint,https://remoteok.io/remote-jobs/74829-remote-senior-python-developer-flashpoint
Full-stack Software Engineer,Fraym,https://remoteok.io/remote-jobs/74444-remote-full-stack-software-engineer-fraym
Quantitative Developer Python,Clevertech,https://remoteok.io/remote-jobs/74388-remote-quantitative-developer-python-clevertech
Senior Python Developer Quantitative Modeling,Clevertech,https://remoteok.io/remote-jobs/74363-remote-senior-python-developer-quantitative-modeling-clevertech
Senior Backend Engineer - Golang Focus,DL Remote,https://remoteok.io/remote-jobs/74351-remote-senior-backend-engineer-golang-focus-remote-dl-remote
Python C Developer,Clevertech,https://remoteok.io/remote-jobs/74190-remote-python-c-developer-clevertech
Senior Python Software Engineer,Labster,https://remoteok.io/remote-jobs/74183-remote-senior-python-software-engineer-labster
Senior Backend Developer,WeTravel,https://remoteok.io/remote-jobs/74163-remote-senior-backend-developer-wetravel
Senior Python Developer,Backtracks,https://remoteok.io/remote-jobs/74106-remote-senior-python-developer-backtracks
Senior Embedded Linux Developer with Python 100% Flexible Hours,3 other jobs Analytics Fire,https://remoteok.io/remote-jobs/74065-remote-senior-embedded-linux-developer-with-python-100-flexible-hours-3-other-jobs-analytics-fire
Senior Python Developer Interested Finance,Capital,https://remoteok.io/remote-jobs/74264-remote-senior-python-developer-interested-finance-capital
Software Engineer,AlphaSights,https://remoteok.io/remote-jobs/73979-remote-software-engineer-alphasights
Cloud Python Developer,Elastic,https://remoteok.io/remote-jobs/73894-remote-cloud-python-developer-elastic
"Sr Full Stack Developer, Django",Circuit Stream,https://remoteok.io/remote-jobs/73837-remote-sr-full-stack-developer-django-circuit-stream
Python Back-end Web Developer,Soshace,https://remoteok.io/remote-jobs/73701-remote-remote-python-back-end-web-developer-soshace
Full Stack Software Engineer (JS),SlashData,https://remoteok.io/remote-jobs/73663-remote-full-stack-software-engineer-js-slashdata
Senior Django Developer,Soshace,https://remoteok.io/remote-jobs/73519-remote-senior-django-developer-soshace
Senior Python Developer,Vocinity,https://remoteok.io/remote-jobs/73506-remote-senior-python-developer-vocinity
Django Web Developer,Caktus Consulting Group,https://remoteok.io/remote-jobs/73333-remote-django-web-developer-caktus-consulting-group
Python Developer,Clevertech,https://remoteok.io/remote-jobs/73304-remote-python-developer-clevertech
"Software Engineer, Data",Doximity,https://remoteok.io/remote-jobs/73235-remote-software-engineer-data-doximity
Python Cloud Developer,Platform.sh,https://remoteok.io/remote-jobs/73070-remote-python-cloud-developer-platform-sh
Senior Full Stack Engineer,Interview Schedule,https://remoteok.io/remote-jobs/73058-remote-senior-full-stack-engineer-interview-schedule
Sr Python Software Engineer,SmileDirectClub,https://remoteok.io/remote-jobs/73036-remote-sr-python-software-engineer-smiledirectclub
Python Developer,Musement,https://remoteok.io/remote-jobs/72846-remote-python-developer-musement
Senior Software Engineer - Backend (100% ),Close,https://remoteok.io/remote-jobs/72794-remote-senior-software-engineer-backend-100-remote-close
Python Django Developer,Daupler,https://remoteok.io/remote-jobs/72664-remote-python-django-developer-daupler
Senior Python Developer,causaLens,https://remoteok.io/remote-jobs/72638-remote-senior-python-developer-causalens
Mid Level Django Backend Developer,Pivotal Energy Solutions,https://remoteok.io/remote-jobs/72547-remote-mid-level-django-backend-developer-pivotal-energy-solutions
Full-stack Developer,PolySwarm,https://remoteok.io/remote-jobs/72406-remote-full-stack-developer-polyswarm
Senior Python Software Engineer,Namaste Technologies,https://remoteok.io/remote-jobs/72239-remote-senior-python-software-engineer-namaste-technologies
Python Software Engineer,ReCharge Payments,https://remoteok.io/remote-jobs/71975-remote-python-software-engineer-recharge-payments
Expert Django Developer,DjangoForce,https://remoteok.io/remote-jobs/71500-remote-expert-django-developer-djangoforce
"Software Engineer, Service Reliability",Doximity,https://remoteok.io/remote-jobs/71432-remote-software-engineer-service-reliability-doximity
"Software Engineer, Ruby & Javascript",Doximity,https://remoteok.io/remote-jobs/71367-remote-software-engineer-ruby-javascript-doximity
Senior Full Stack Developer with React Experience,Codelitt,https://remoteok.io/remote-jobs/71132-remote-senior-full-stack-developer-with-react-experience-codelitt
Lead Software Engineer,Hubbub,https://remoteok.io/remote-jobs/71202-remote-lead-software-engineer-hubbub
Python Developer,MADE.com,https://remoteok.io/remote-jobs/70764-remote-python-developer-made-com
Django Python Developer,Divio,https://remoteok.io/remote-jobs/70700-remote-django-python-developer-divio
Web Developer,Tao Leadership,https://remoteok.io/remote-jobs/70590-remote-web-developer-tao-leadership
Python Developer,eMoney Advisor,https://remoteok.io/remote-jobs/70262-remote-python-developer-emoney-advisor
Backend Python Django Developer,Self Decode,https://remoteok.io/remote-jobs/70053-remote-backend-python-django-developer-self-decode
Backend Web Developer,Circuit Stream,https://remoteok.io/remote-jobs/70003-remote-backend-web-developer-circuit-stream
Staff Site Reliability Engineer (sre),CircleCI,https://remoteok.io/remote-jobs/69933-remote-staff-site-reliability-engineer-sre-circleci
Full Stack Developer with React Experience,Codelitt,https://remoteok.io/remote-jobs/69888-remote-full-stack-developer-with-react-experience-codelitt
Full Stack Developer Python,REPAY Realtime Electronic Payments,https://remoteok.io/remote-jobs/69529-remote-full-stack-developer-python-repay-realtime-electronic-payments
"Senior Software Engineer, Python",Doximity,https://remoteok.io/remote-jobs/69245-remote-senior-software-engineer-python-doximity
Python Developer,X-Team,https://remoteok.io/remote-jobs/69088-remote-python-developer-x-team
Senior Python Developer,SmileDirectClub,https://remoteok.io/remote-jobs/69047-remote-senior-python-developer-smiledirectclub
Full Stack Developer,Upstack Technologies Inc.,https://remoteok.io/remote-jobs/69034-remote-full-stack-developer-upstack-technologies-inc-
Open Source Developer & Devops,OpenCraft,https://remoteok.io/remote-jobs/69030-remote-open-source-developer-devops-opencraft
Senior Software Engineer - Security Video Integration,GeoComm,https://remoteok.io/remote-jobs/68982-remote-senior-software-engineer-security-video-integration-geocomm
C Python Developer,Code Careers,https://remoteok.io/remote-jobs/68976-remote-c-python-developer-code-careers
Frontend and Python Developer,Screenly,https://remoteok.io/remote-jobs/68892-remote-frontend-and-python-developer-screenly
Senior Python Developer,VersaFeed,https://remoteok.io/remote-jobs/68797-remote-senior-python-developer-versafeed
Senior Software Engineer,Property Meld,https://remoteok.io/remote-jobs/68749-remote-senior-software-engineer-property-meld
Python Developer,CoGrammar,https://remoteok.io/remote-jobs/68679-remote-python-developer-cogrammar
Django Python Senior Software Engineer,Load Impact,https://remoteok.io/remote-jobs/68530-remote-django-python-senior-software-engineer-load-impact
Senior Embedded Linux Developer with C Python 100% Flexible Hours,Analytics Fire,https://remoteok.io/remote-jobs/68488-remote-senior-embedded-linux-developer-with-c-python-100-flexible-hours-analytics-fire
Full Stack Software Engineer,Merchbar,https://remoteok.io/remote-jobs/68296-remote-full-stack-software-engineer-merchbar
Python Developer,Arm,https://remoteok.io/remote-jobs/68291-remote-python-developer-arm
Senior Python Developer,JBS Custom Software Solutions,https://remoteok.io/remote-jobs/68243-remote-senior-python-developer-jbs-custom-software-solutions
Python Backend Developer,trivago N.V,https://remoteok.io/remote-jobs/68232-remote-python-backend-developer-trivago-n-v
Python Software Engineering Manager,Crossover,https://remoteok.io/remote-jobs/68220-remote-python-software-engineering-manager-crossover
Senior Python Developer,Clevertech,https://remoteok.io/remote-jobs/68204-remote-senior-python-developer-clevertech
Full-stack Developer/tech Lead,Comparamais,https://remoteok.io/remote-jobs/68196-remote-full-stack-developer-tech-lead-comparamais
Python Senior Developer,YMN GROUP,https://remoteok.io/remote-jobs/68169-remote-python-senior-developer-remote-ymn-group
"Python Software Engineer, Data Integration",Doximity,https://remoteok.io/remote-jobs/67967-remote-python-software-engineer-data-integration-doximity
"Experienced 3D Software Engineers for Awesome Cutting Edge Projects (augmented Reality, Virtual Reality, Raytracing, Webgl, UE4, and More)",4D Pipeline,https://remoteok.io/remote-jobs/67948-remote-experienced-3d-software-engineers-for-awesome-cutting-edge-projects-augmented-reality-virtual-reality-raytracing-webgl-ue4-and-more-4d-pipeline
Software Engineer Python,trivago N.V,https://remoteok.io/remote-jobs/68073-remote-software-engineer-python-trivago-n-v
"Python Backend Developer in Wrocław, PL",Kangaroo,https://remoteok.io/remote-jobs/67857-remote-python-backend-developer-in-wroclaw-pl-kangaroo
Backend Developer,Property Meld,https://remoteok.io/remote-jobs/67736-remote-backend-developer-property-meld
Software Developer (elasticsearch),Thresher,https://remoteok.io/remote-jobs/67669-remote-software-developer-elasticsearch-thresher
An Enthusiastic Python Developer,Niteo,https://remoteok.io/remote-jobs/67565-remote-an-enthusiastic-python-developer-niteo
Back End Python Developer,GitPrine,https://remoteok.io/remote-jobs/67502-remote-back-end-python-developer-gitprine
Backend Developer Python,orderbird AG,https://remoteok.io/remote-jobs/67704-remote-backend-developer-python-orderbird-ag
Cotiviti Labs Adminops Python Developer,Cotiviti,https://remoteok.io/remote-jobs/67229-remote-cotiviti-labs-adminops-python-developer-cotiviti
Go Python Developer,Sport Whispers,https://remoteok.io/remote-jobs/67092-remote-go-python-developer-sport-whispers
Senior Backend Developer Python Django H F,Back Market,https://remoteok.io/remote-jobs/67048-remote-senior-backend-developer-python-django-h-f-back-market
Python Software Engineer (all Levels),Unipart Digital,https://remoteok.io/remote-jobs/67036-remote-python-software-engineer-all-levels-unipart-digital
Full Stack Developer,Upstack,https://remoteok.io/remote-jobs/66985-remote-full-stack-developer-upstack
Python Developer,Buto,https://remoteok.io/remote-jobs/66803-remote-python-developer-buto
Python Developer For Cryptocurrency Services,Cryptosphere Systems,https://remoteok.io/remote-jobs/66580-remote-python-developer-for-cryptocurrency-services-cryptosphere-systems
Python Software Developer,OctopusLabs,https://remoteok.io/remote-jobs/66344-remote-python-software-developer-octopuslabs
Python Developer,Objectwise Consulting Group,https://remoteok.io/remote-jobs/66308-remote-python-developer-objectwise-consulting-group
Full Stack Developer,Blockstack,https://remoteok.io/remote-jobs/66203-remote-full-stack-developer-blockstack
Full Stack Developer,Property Meld,https://remoteok.io/remote-jobs/65954-remote-full-stack-developer-property-meld
POC Python Developer,StudioH67,https://remoteok.io/remote-jobs/65892-remote-poc-python-developer-studioh67
Senior Python Web Application Developer,SUSE,https://remoteok.io/remote-jobs/65888-remote-senior-python-web-application-developer-suse
Django Developer,GetTechTalent,https://remoteok.io/remote-jobs/65861-remote-django-developer-gettechtalent
Senior Software Engineer,Canonical,https://remoteok.io/remote-jobs/65587-remote-senior-software-engineer-canonical
Python Web Developer ($90-125k),Croscon,https://remoteok.io/remote-jobs/65582-remote-python-web-developer-90-125k-croscon
Software Engineer - Openstack,Canonical,https://remoteok.io/remote-jobs/65522-remote-software-engineer-openstack-canonical
Python Back End Developer,TXODDS,https://remoteok.io/remote-jobs/65030-remote-python-back-end-developer-txodds
Contract Python Developer,Seth Godin,https://remoteok.io/remote-jobs/65019-remote-contract-python-developer-seth-godin
Python Developer For Sweden's Best AI Team,Tenfifty,https://remoteok.io/remote-jobs/64691-remote-python-developer-for-swedens-best-ai-team-tenfifty
Mid Level Django Web Developer,Pivotal Energy Solutions,https://remoteok.io/remote-jobs/64547-remote-mid-level-django-web-developer-pivotal-energy-solutions
Backend Python Developer,StudioH67,https://remoteok.io/remote-jobs/64402-remote-backend-python-developer-studioh67
Python Developer,Mackevision Medien Design,https://remoteok.io/remote-jobs/64165-remote-python-developer-mackevision-medien-design
Python Software Developer,VisoTech,https://remoteok.io/remote-jobs/63801-remote-python-software-developer-visotech
Python Software Engineer,PageFreezer,https://remoteok.io/remote-jobs/63695-remote-python-software-engineer-pagefreezer
Python Web Developer,Smartplan,https://remoteok.io/remote-jobs/63667-remote-python-web-developer-smartplan
Senior Back End Developer,Hotjar,https://remoteok.io/remote-jobs/63359-remote-senior-back-end-developer-hotjar
Creative Initiative Python Developer,Sportech,https://remoteok.io/remote-jobs/63121-remote-creative-initiative-python-developer-sportech
Senior Python Software Engineer,SSCS,https://remoteok.io/remote-jobs/62960-remote-senior-python-software-engineer-sscs
Django Developer,Divio,https://remoteok.io/remote-jobs/62553-remote-django-developer-divio
Web Developer,ezhome Inc.,https://remoteok.io/remote-jobs/62229-remote-web-developer-ezhome-inc-
"Software Engineer, Fulfillment Team",ezhome Inc.,https://remoteok.io/remote-jobs/62227-remote-software-engineer-fulfillment-team-ezhome-inc-
Senior Django Developer,Articheck,https://remoteok.io/remote-jobs/62165-remote-senior-django-developer-articheck
Python Django Developer,PBSoftware,https://remoteok.io/remote-jobs/61836-remote-python-django-developer-pbsoftware
Go Python Fullstack Developer,Moasis Global,https://remoteok.io/remote-jobs/60865-remote-go-python-fullstack-developer-moasis-global
Senior Django Developer,Articheck,https://remoteok.io/remote-jobs/59647-remote-senior-django-developer-remote-articheck
Code Challenge Reviewer,Geektastic,https://remoteok.io/remote-jobs/29949-remote-remote-code-challenge-reviewer-geektastic
Python Developer,Gorilla Logic,https://remoteok.io/remote-jobs/23430-remote-python-developer-gorilla-logic
Seasoned Python Developer,Clevertech,https://remoteok.io/remote-jobs/22645-remote-seasoned-python-developer-clevertech
Django Developer,SpiderOak,https://remoteok.io/remote-jobs/22565-remote-django-developer-spideroak
Vue.js Javascript Python Developer,Service Fusion,https://remoteok.io/remote-jobs/22169-remote-vue-js-javascript-python-developer-service-fusion
Experienced Python Developer,Comprendo,https://remoteok.io/remote-jobs/21887-remote-experienced-python-developer-comprendo
Python Developer,Hotjar,https://remoteok.io/remote-jobs/21808-remote-python-developer-hotjar
